<?xml version="1.0" encoding="UTF-8"?>
<CLASSES>
	<CLASS name="java.util.HashMap">
		<CLASS name="java.lang.Long" value="18031"/>
		<CLASS name="java.util.HashMap">
			<CLASS name="java.lang.String">script_HTML_html</CLASS>
			<CLASS name="java.lang.String">#!executable-class
com.espirit.moddev.basicworkflows.delete.WfBranchIfFolderExecutable</CLASS>
			<CLASS name="java.lang.String">viewScript</CLASS>
			<CLASS name="java.lang.String"></CLASS>
			<CLASS name="java.lang.String">rulesetXml</CLASS>
			<CLASS name="java.lang.String">&lt;RULES&gt;
&lt;/RULES&gt;</CLASS>
			<CLASS name="java.lang.String">guiXml</CLASS>
			<CLASS name="java.lang.String">&lt;CMS_MODULE&gt;
&lt;/CMS_MODULE&gt;</CLASS>
			<CLASS name="java.lang.String">guiDefaultsXml</CLASS>
			<CLASS name="java.lang.String">&lt;TEMPLATECONTENT&gt;&lt;/TEMPLATECONTENT&gt;</CLASS>
		</CLASS>
	</CLASS>
</CLASSES>